<?xml version="1.0" encoding="UTF-8"?>
<!DOCTYPE suite SYSTEM "https://testng.org/testng-1.0.dtd" >
<suite parallel="tests" thread-count="3" name="Activity7Suite">
    <test name="Activity7Test">
    <parameter name="tUsername" value="admin"/>
    	<parameter name="tPassword" value="password"/>
    	<classes>
            <class name="TestNGTests.Activity1"/>
            <class name="TestNGTests.Activity2test"/>
            <class name="TestNGTests.Activity3"/>
            <class name="TestNGTests.Activity5"/>
            <class name="TestNGTests.Activity6"/>
            <class name="TestNGTests.Activity7"/>
            <class name="suiteExample.DemoOne"/>
            <class name="suiteExample.DemoTwo"/>
        </classes>
    </test> <!-- Test -->
</suite> <!-- Suite -->